Name;Kategorie ;Beschreibung;Breitengrad;Laengengrad;Bild_URL;Affiliate_Link;Preis €
Empire State Building;Aussichtsplattform;Dein NaviYork Insider-Tipp: Besuche das Empire State Building erst nach 22 Uhr! So umgehst du die lästigen Warteschlangen und kannst das funkelnde Lichtermeer Manhattans ohne Gedränge genießen. Für den perfekten Rundumblick lohnt sich ein Ticket-Upgrade für den 102. Stock mit seinen raumhohen Fenstern.;40.74858;-73.98433;https://www.esbnyc.com/sites/default/files/2020-01/ESB Day.jpg;https://gyg.me/AtVHUuUg;40
Top of the Rock;Aussichtsplattform;Dein NaviYork Insider-Tipp: Buche dein Ticket genau eine Stunde vor Sonnenuntergang! So erlebst du den Central Park noch bei Tageslicht und genießt anschließend den direkten, unverbauten Blick auf das funkelnde Empire State Building bei Nacht.;40.75967;-73.97943;https://cdn.tripster.com/media/product/gallery/original/Top_of_the_Rock_Observation_Deck_(47322).jpg;https://gyg.me/pVBkKh9q;36
Edge;Aussichtsplattform;Dein NaviYork Insider-Tipp: Trau dich in die äußerste, freischwebende Glasecke der Plattform! Die leicht nach außen geneigten Glasscheiben und der Glasboden bieten dir den ultimativen Nervenkitzel und ein spektakuläres Fotomotiv frei über den Straßen Manhattans.;40.75354;-74.00106;https://www.edgenyc.com/content/uploads/2025/04/General-Admission-.jpg;https://gyg.me/LTagqWhX;33
One World Observatory;Aussichtsplattform;"Dein NaviYork Insider-Tipp: Halte im SkyPod-Aufzug unbedingt deine Kamera bereit! Die rasante Auffahrt zeigt eine faszinierende Zeitraffer-Animation der Entwicklung New Yorks, und die anschließende visuelle Überraschung im ""See Forever""-Theater sorgt garantiert für Gänsehaut.";40.71291;-74.01362;https://www.oneworldobservatory.com/wp-content/uploads/2022/04/dsc_5921_retouch-1.jpeg;https://gyg.me/Upk6iQD5;25
SUMMIT One Vanderbilt;Aussichtsplattform;Dein NaviYork Insider-Tipp: Packe unbedingt eine Sonnenbrille ein und trage am besten Hosen statt Röcke! Die komplett verspiegelten Böden und Wände sorgen für surreale Lichteffekte und grandiose Fotos, können aber an sonnigen Tagen extrem blenden.;40.75293;-73.97890;https://lovingnewyork.de/wp-content/uploads/2022/06/SUMMIT-One-Vanderbilt-NYC-1920x960.jpeg;https://gyg.me/T9EJXhjV;40
One Times Square ;Aussichtsplattform;"Dein NaviYork Insider-Tipp: Wusstest du, dass du den berühmten New Year's Eve Ball das ganze Jahr über sehen kannst? Im neuen Besucherzentrum kommst du der legendären Kristallkugel ganz nah. Nutze unbedingt die interaktiven AR-Features für ein einmaliges Foto hoch über dem Trubel der Stadt!
";40.75653;-73.98640;https://www.22places.de/images/2018/08/one-times-square-deck.jpg;https://onetimessquare.com/buy-tickets;30
Whitney Museum;Museen;"Dein NaviYork Insider-Tipp: Verpasse auf keinen Fall die versteckten Außenterrassen! Sie bieten nicht nur eine fantastische Freiluft-Galerie, sondern auch einen der besten Ausblicke auf den Meatpacking District und die High Line. Plane deinen Besuch am späten Nachmittag, um die Kunstwerke im warmen Licht der goldenen Stunde zu bewundern.
";40.73976;-74.00887;https://cdn.getyourguide.com/image/format=auto,fit=crop,gravity=center,quality=60,width=535,height=400,dpr=2/tour_img/5ffb26a3f9df3688b553a03bd3f44e87b9d989ccd3fd9c42b02acbdf28dbb215.jpg;https://gyg.me/PCz4RoIF;25
Museum of the City of NY;Museen;"Dein NaviYork Insider-Tipp: Starte deinen Rundgang unbedingt mit dem preisgekrönten Kurzfilm „Timescapes“, um ein Gefühl für die wilde Geschichte der Stadt zu bekommen. Ein echtes Highlight ist die interaktive Ausstellung „New York at Its Core“ – perfekt, um die Seele des Big Apple abseits der typischen Touristenpfade zu verstehen.
";40.79271;-73.95198;https://cdn.getyourguide.com/image/format=auto,fit=crop,gravity=center,quality=60,width=535,height=400,dpr=2/tour_img/bb8b3b1cbd53ace22dde677e345f23d5472f3da00c2c94e4a69e83c43321eab1.jpg;https://gyg.me/aDdg0oYF;19
NY Historical Society Museum;Museen;Dein NaviYork Insider-Tipp: Mach unbedingt einen Abstecher in die beeindruckende Galerie der Tiffany-Lampen im vierten Stock! Diese versteckte Oase ist ein magisches Lichtermeer und überraschend ruhig. Ein toller Kontrast zum Trubel und ideal kombinierbar mit einem anschließenden Spaziergang im direkt benachbarten Central Park.;40.77950;-73.97388;https://d17xep5pb0e8k3.cloudfront.net/OGVkOTkxNzEtZWYxYi00OGM4LWE4YTAtOWM0N2IyMTEwNjk2_4a1f23a9-c221-4378-ba6f-577203dacaaf_join26give.jpg?auto=compress,format&rect=0,0,2880,1799&w=1066&h=666;https://www.nyhistory.org/visit;24
Museum of Broadway;Museen;Dein NaviYork Insider-Tipp: Lade vorher deinen Handy-Akku voll auf, denn hier jagt ein spektakuläres, interaktives Fotomotiv das nächste! Im Bereich „The Making of a Broadway Show“ kannst du sogar selbst hinter die Kulissen treten und die Magie der Bühnenbilder hautnah erleben.;40.75778;-73.98436;https://cdn.getyourguide.com/image/format=auto,fit=crop,gravity=center,quality=60,width=535,height=400,dpr=2/tour_img/63daea30a3d4e.jpeg;https://gyg.me/oU2ZyZDh;34
Mercer Labs;Museen;Dein NaviYork Insider-Tipp: Lass dich hier komplett treiben und nimm dir Zeit für den unglaublichen Raum mit der 4D-Sound-Installation. Die Kombination aus Technologie und Kunst ist extrem immersiv und ein Fest für die Sinne. Tipp: Besuche das Labor gleich morgens, um die surrealen Räume möglichst ungestört genießen zu können.;40.71066;-74.01060;https://cdn.getyourguide.com/image/format=auto,fit=crop,gravity=center,quality=60,width=520,height=400,dpr=2/tour_img/6aa7bd1f7e499bc1227d22fb1a5bc881b3baca3818dada21eee8062193424ced.jpg;https://gyg.me/yE08kMx0;48
SPYSCAPE;Museen;Dein NaviYork Insider-Tipp: Nimm die interaktiven Tests am Anfang ernst – am Ende erfährst du nämlich, welches echte Spionage-Profil (z.B. Hacker oder Agent) am besten zu dir passt! Das absolute Highlight ist der Laser-Tunnel, wo du deine Geschicklichkeit wie in einem Actionfilm beweisen kannst. Bequeme Kleidung ist hier von Vorteil!;40.76533;-73.98344;https://cdn.getyourguide.com/image/format=auto,fit=crop,gravity=center,quality=60,width=535,height=400,dpr=2/tour_img/5cc3554b1f670.jpeg;https://gyg.me/SwQEjya9;38
